Name,Time
AHMED IBRAHIM,22:18:07
TREKA,22:27:33
JEFF BEZOZ,22:27:41
MESSI,22:27:49
MESSI1,04:04:39
MENNA SHALBI,23:46:59
MONA ZAKI,23:48:28
MENNA-SHALABY,23:50:31
MESSI2,23:57:01
AKRAM HOSNY,00:09:57
MOHAMED IMAM,00:10:56
MOHAMED EMAM,00:11:56
AKRAM HOSNY,03:57:59
AKRAM HOSNY,03:58:01
AKRAM HOSNY,03:58:01
AKRAM HOSNY,03:58:02
AKRAM HOSNY,03:58:03
AKRAM HOSNY,03:58:03
AKRAM HOSNY,03:58:04
AKRAM HOSNY,03:58:05
AKRAM HOSNY,03:58:05
AKRAM HOSNY,03:58:06
MENNA-SHALABY,03:58:26
MENNA-SHALABY,03:58:27
MENNA-SHALABY,03:58:28
MENNA-SHALABY,03:58:28
MENNA-SHALABY,03:58:29